keyword,avg_monthly_searches,three_month_change,yoy_change,competition,competition_index,top_bid_low_idr,top_bid_high_idr
piano wedding songs,5000,0%,0%,Rendah,28,12357.28,115894.83
string quartet wedding songs,500,0%,0%,Rendah,19,20134.34,72118.19
violin wedding songs,5000,0%,0%,Rendah,8,13200.14,59295.13
cello wedding songs,50,0%,0%,Rendah,1,,
piano and cello wedding songs,50,0%,0%,Menengah,43,,
piano and violin wedding songs,50,0%,0%,Menengah,65,29048.95,81403.14
classical music for wedding ceremony,500,0%,0%,Rendah,6,10845.53,44218.16
instrumental wedding songs,5000,0%,0%,Rendah,6,5832.65,52430.87
string quartet pop covers,50,0%,0%,Rendah,3,,
string trio wedding music,50,0%,0%,Tinggi,71,24054.30,84007.54
wedding quartet near me,50,0%,0%,Tinggi,88,18852.14,101542.02
wedding instrumental music,5000,0%,0%,Rendah,6,5832.65,52430.87
string quartet music for weddings,500,0%,0%,Rendah,19,20134.34,72118.19
wedding video songs instrumental,50,∞,0%,Rendah,0,,
instrumental music for wedding video,50,0%,0%,Menengah,44,33851.99,116531.77
violin and cello duets wedding,50,0%,0%,Tinggi,67,23995.98,85550.12
violin wedding music,5000,0%,0%,Rendah,8,13200.14,59295.13
instrumental songs for wedding video,50,0%,0%,Rendah,17,13886.57,63226.44
strings wedding music,50,0%,0%,Menengah,52,21737.41,81071.90
cello wedding music,500,0%,0%,Rendah,33,20013.96,110452.62
wedding piano music,5000,0%,0%,Rendah,28,12357.28,115894.83
vitamin string quartet wedding,50,0%,0%,Rendah,10,,
wedding march piano,500,0%,-90%,Menengah,42,,
string music for wedding ceremony,50,0%,0%,Tinggi,76,15801.48,47574.13
instrumental wedding video songs,50,0%,0%,Rendah,17,13886.57,63226.44
best string quartet songs for wedding,50,0%,-90%,Rendah,6,,
solo violin wedding music,500,0%,0%,Tinggi,92,18119.20,74938.71
2cellos wedding songs,50,0%,0%,Rendah,0,,
a thousand years string quartet wedding,50,0%,0%,Rendah,5,,
acoustic guitar instrumental wedding songs,50,0%,0%,Rendah,0,,
acoustic guitar music for wedding ceremony,50,0%,900%,Rendah,1,,
acoustic guitar wedding ceremony songs,50,0%,900%,Rendah,1,,
acoustic guitar wedding exit songs,50,0%,0%,Rendah,0,,
acoustic guitar wedding march,50,0%,0%,Rendah,0,,
acoustic guitar wedding music,500,0%,0%,Rendah,0,,
acoustic guitar wedding processional,50,0%,0%,Rendah,0,,
acoustic guitar wedding recessional,50,0%,0%,Rendah,0,,
acoustic guitar wedding songs,500,0%,0%,Rendah,0,,
acoustic instrumental songs to walk down the aisle to,50,∞,0%,Rendah,0,,
acoustic instrumental wedding songs,50,0%,0%,Rendah,0,,
all of me instrumental wedding,50,0%,0%,Rendah,0,,
all of me violin wedding,50,0%,0%,Rendah,0,,
at last instrumental wedding,50,0%,0%,Rendah,1,,
ave maria wedding song instrumental,50,0%,0%,Rendah,0,,
avengers wedding song piano,0,0%,0%,Tidak diketahui,,,
bach wedding processional,50,∞,0%,Rendah,0,,
bagpipe song for wedding,500,0%,0%,Rendah,1,8397.93,28251.69
bagpipe tunes for weddings,500,0%,0%,Rendah,1,8397.93,28251.69
beatles instrumental wedding songs,50,0%,0%,Rendah,0,,
beautiful instrumental music for wedding,50,0%,0%,Rendah,0,,
beautiful instrumental songs to walk down the aisle,50,0%,0%,Rendah,5,,
beautiful piano songs for wedding,50,0%,0%,Rendah,2,,
beautiful piano wedding songs,50,0%,0%,Rendah,2,,
beauty and the beast instrumental wedding,50,0%,0%,Rendah,0,,
best cello songs for wedding,50,0%,0%,Rendah,0,,
best classical music for wedding ceremony,50,0%,0%,Rendah,1,,
best classical music to walk down the aisle,50,0%,0%,Rendah,2,,
best classical songs to walk down the aisle to,50,0%,0%,Rendah,0,,
best classical wedding recessional songs,50,0%,0%,Rendah,0,,
best day of my life vitamin string quartet,50,0%,0%,Rendah,0,,
best instrumental bridal entrance songs,50,0%,0%,Rendah,0,,
best instrumental for wedding,50,0%,0%,Rendah,0,,
best instrumental music for wedding,50,0%,0%,Rendah,3,,
best instrumental processional songs,50,0%,0%,Rendah,2,,
best instrumental recessional songs,50,0%,0%,Rendah,0,,
best instrumental songs for walking down the aisle,50,0%,0%,Rendah,3,,
best instrumental songs for wedding,500,0%,0%,Rendah,4,356.32,32250.58
best instrumental songs for wedding ceremony,50,0%,0%,Rendah,6,,
best instrumental songs for wedding processional,50,0%,0%,Rendah,4,,
best instrumental songs for wedding video,50,0%,0%,Rendah,29,,
best instrumental songs to walk down the aisle,50,900%,900%,Rendah,5,332.09,1729.18
best instrumental songs wedding,50,0%,0%,Rendah,0,,
best instrumental walking down the aisle songs,50,0%,0%,Rendah,1,,
best instrumental wedding entrance songs,50,0%,0%,Rendah,2,,
best instrumental wedding processional songs,50,0%,0%,Rendah,2,,
best instrumental wedding recessional songs,50,∞,0%,Rendah,2,,
best instrumental wedding songs for walking down the aisle,50,0%,-100%,Tidak diketahui,,,
best instrumentals for wedding,50,0%,0%,Rendah,0,,
best instrumentals for wedding ceremony,50,0%,0%,Rendah,0,,
best instrumentals to walk down the aisle to,50,0%,0%,Rendah,0,,
best piano love songs wedding,50,0%,-100%,Tidak diketahui,,,
best piano music for weddings,50,-100%,-100%,Tidak diketahui,,,
best piano songs for wedding,50,0%,-90%,Rendah,4,,
best piano songs to walk down the aisle,50,0%,0%,Rendah,0,,
best piano songs to walk down the aisle to,50,0%,0%,Rendah,13,,
best piano wedding ceremony songs,50,-100%,-100%,Tidak diketahui,,,
best piano wedding processional songs,50,0%,0%,Rendah,0,,
best piano wedding recessional songs,50,0%,0%,Rendah,0,,
best processional instrumental songs,50,0%,0%,Rendah,0,,
best processional songs for bridal party instrumental,50,0%,0%,Rendah,0,,
best songs to walk down the aisle to instrumental,50,0%,0%,Rendah,13,,
best string quartet music for weddings,50,0%,0%,Rendah,5,,
best string quartet songs to walk down the aisle to,50,0%,0%,Rendah,0,,
best violin music for weddings,50,-100%,-100%,Tidak diketahui,,,
best violin solos for weddings,50,0%,0%,Rendah,0,,
best violin songs for wedding,500,-90%,-90%,Rendah,4,,
best violin songs for wedding ceremony,50,0%,0%,Rendah,5,,
best violin songs to walk down the aisle,50,0%,0%,Rendah,2,,
best violin wedding music,500,-90%,-90%,Rendah,4,,
best vitamin string quartet songs for wedding,50,0%,0%,Rendah,1,,
best walking down the aisle instrumental songs,50,0%,0%,Rendah,0,,
best wedding instrumental,50,0%,0%,Rendah,0,,
best wedding instrumental songs for walking down the aisle,0,0%,0%,Tidak diketahui,,,
best wedding processional songs classical,50,∞,0%,Rendah,0,,
best wedding processional songs string quartet,50,0%,0%,Rendah,10,,
best wedding recessional songs string quartet,50,0%,0%,Rendah,1,,
best wedding songs instrumental,500,0%,0%,Rendah,4,356.32,32250.58
best wedding songs on violin,500,-90%,-90%,Rendah,4,,
best wedding songs piano,50,0%,-90%,Rendah,4,,
better together instrumental wedding,50,0%,0%,Rendah,0,,
bless the broken road instrumental wedding,50,0%,0%,Rendah,0,,
blink 182 piano wedding song,50,-100%,0%,Tidak diketahui,,,
bridal chorus wagner string quartet,50,0%,0%,Rendah,0,,
bridal entrance classical music,50,0%,0%,Rendah,3,,
bridal entrance instrumental songs,500,0%,0%,Rendah,1,,
bridal entrance songs piano,50,0%,0%,Rendah,2,,
bridal entrance songs string quartet,50,0%,0%,Rendah,20,10552.30,29777.37
bridal instrumental music,5000,0%,0%,Rendah,6,5832.65,52430.87
bridal instrumental processional songs,50,0%,0%,Rendah,0,,
bridal march instrumental,50,0%,-90%,Rendah,2,,
bridal march on piano,500,0%,0%,Menengah,47,,
bridal march saxophone,50,0%,0%,Tidak diketahui,,,
bridal march songs instrumental,50,0%,0%,Rendah,1,,
bridal march string quartet,50,0%,0%,Rendah,0,,
bridal march violin,50,0%,0%,Rendah,0,,
bridal march violin and cello,50,0%,0%,Rendah,0,,
bridal march wagner piano,50,0%,0%,Rendah,13,,
bridal music instrumental,50,0%,-100%,Tidak diketahui,,,
bridal party ceremony entrance songs instrumental,50,0%,0%,Rendah,0,,
bridal party entrance songs instrumental,50,0%,0%,Rendah,0,,
bridal party processional songs instrumental,50,0%,0%,Rendah,2,,
bridal processional music classical,500,0%,0%,Rendah,1,319.03,5253.16
bridal processional songs classical,500,0%,0%,Rendah,1,319.03,5253.16
bridal processional songs instrumental,500,0%,-90%,Rendah,2,366.14,1050.32
bridal processional songs piano,50,0%,-90%,Rendah,8,,
bridal processional songs string quartet,50,∞,0%,Rendah,0,,
bride ceremony entrance songs instrumental,50,0%,0%,Rendah,2,,
bride instrumental entrance songs,50,0%,0%,Rendah,0,,
bride walking down the aisle songs instrumental,50,0%,0%,Rendah,1,,
bridesmaid entrance songs instrumental,50,0%,0%,Rendah,0,,
bridesmaid instrumental processional songs,50,0%,0%,Rendah,0,,
bridesmaid processional songs instrumental,50,0%,0%,Rendah,1,,
cello and piano duets for weddings,50,0%,0%,Rendah,21,,
cello and piano wedding music,50,0%,0%,Tinggi,88,,
cello and violin wedding ceremony music,50,0%,0%,Menengah,34,34252.25,81001.18
cello love songs for weddings,50,0%,0%,Menengah,38,,
cello solo wedding music,50,0%,0%,Tinggi,98,,
cello songs to walk down the aisle,50,0%,0%,Rendah,0,,
cello wedding march,50,0%,0%,Rendah,23,,
cello wedding processional songs,50,∞,0%,Rendah,0,,
cello wedding sheet music,50,0%,0%,Rendah,19,,
cello wedding songs for walking down the aisle,50,0%,0%,Rendah,0,,
ceremony instrumental music,50,0%,0%,Rendah,1,,
christian instrumental music for wedding,50,0%,0%,Rendah,3,,
christian instrumental songs to walk down the aisle to,50,0%,0%,Rendah,0,,
christian wedding recessional songs instrumental,50,0%,0%,Rendah,0,,
church wedding piano music,50,0%,∞,Rendah,0,,
classic processional songs,50,0%,0%,Rendah,0,,
classic recessional songs,50,0%,0%,Rendah,1,,
classic rock wedding ceremony songs,50,0%,0%,Rendah,0,,
classic rock wedding processional songs,50,0%,0%,Rendah,0,,
classic songs for wedding ceremony,500,0%,0%,Rendah,6,10845.53,44218.16
classic songs to walk down the aisle,500,0%,0%,Rendah,1,,
classic songs to walk down the aisle to,500,0%,0%,Rendah,3,,
classic walk down the aisle songs,50,0%,0%,Rendah,5,342.48,1202.66
classic wedding exit songs,50,0%,-90%,Rendah,0,,
classic wedding march songs,50,0%,0%,Rendah,0,,
classic wedding processional,50,0%,0%,Rendah,3,,
classic wedding processional music,500,0%,0%,Rendah,1,319.03,5253.16
classic wedding processional songs,500,0%,0%,Rendah,1,319.03,5253.16
classic wedding recessional songs,500,0%,0%,Rendah,1,,
classic wedding songs piano,50,0%,0%,Rendah,26,,
classical ceremony music,50,0%,0%,Rendah,14,,
classical guitar for wedding ceremony,50,0%,0%,Rendah,29,29574.17,108657.07
classical guitar wedding processional songs,50,0%,0%,Rendah,0,,
classical instrumental love songs,50,0%,0%,Rendah,0,,
classical instrumental music for wedding ceremony,50,0%,0%,Menengah,36,,
classical instrumental wedding songs,50,0%,0%,Rendah,5,,
classical music bridal entrance,500,0%,0%,Rendah,3,8196.28,24564.80
classical music for bride to walk down the aisle,50,0%,0%,Rendah,3,,
classical music for bridesmaids entrance,50,0%,0%,Rendah,3,,
classical music for processional,50,0%,0%,Rendah,0,,
classical music for registry office wedding,50,0%,0%,Rendah,7,,
classical music for signing wedding register,50,0%,0%,Tidak diketahui,,,
classical music for walking down the aisle,50,0%,0%,Rendah,3,,
classical music for wedding guests arriving,50,0%,0%,Rendah,0,,
classical music for wedding prelude,50,0%,-90%,Rendah,0,,
classical music for wedding reception,50,0%,0%,Rendah,15,2494.52,68421.33
classical music for wedding recessional,500,0%,0%,Rendah,1,,
classical piano music for wedding ceremony,50,0%,0%,Rendah,14,,
classical piano music for weddings,50,0%,0%,Rendah,26,,
classical piano pieces for weddings,50,0%,0%,Rendah,26,,
classical piano songs for weddings,50,0%,0%,Rendah,26,,
classical prelude music for wedding ceremony,50,0%,0%,Rendah,0,,
classical processional music,50,0%,0%,Rendah,0,,
classical recessional music,50,0%,0%,Rendah,1,,
classical songs for bridesmaids to walk down the aisle,50,0%,0%,Rendah,0,,
classical string quartet music for weddings,50,0%,0%,Rendah,22,,
classical string wedding music,50,0%,0%,Menengah,36,,
classical violin wedding songs,50,0%,0%,Rendah,17,,
classical wedding entrance music,500,0%,0%,Rendah,3,8196.28,24564.80
classical wedding entrance songs,500,0%,0%,Rendah,1,,
classical wedding exit music,50,0%,0%,Rendah,0,,
classical wedding march music,50,0%,0%,Rendah,2,,
classical wedding music for walking down the aisle,500,0%,0%,Rendah,4,354.65,7211.82
classical wedding music string quartet,50,0%,0%,Rendah,22,,
classical wedding prelude songs,50,0%,-90%,Rendah,0,,
classical wedding processional songs piano,50,0%,-100%,Tidak diketahui,,,
classical wedding recessional,50,0%,0%,Rendah,3,,
contemporary wedding processional songs instrumental,50,0%,0%,Rendah,2,,
country instrumental music for wedding,50,0%,0%,Rendah,0,,
country instrumental wedding songs,50,0%,-90%,Rendah,2,,
country violin wedding songs,50,0%,0%,Rendah,1,,
country wedding instrumental songs,50,0%,0%,Rendah,0,,
country wedding processional songs instrumental,50,0%,0%,Rendah,0,,
country wedding songs to walk down the aisle instrumental,50,0%,0%,Rendah,1,,
disney instrumental music for weddings,50,0%,0%,Rendah,0,,
disney instrumental wedding songs,50,0%,0%,Rendah,0,,
disney instrumentals for wedding,50,0%,-100%,Tidak diketahui,,,
disney wedding instrumental songs,50,0%,0%,Rendah,0,,
download instrumental music for wedding,50,0%,0%,Tidak diketahui,,,
download instrumental wedding songs,50,-100%,0%,Tidak diketahui,,,
easy wedding piano songs,50,0%,0%,Rendah,0,,
electric violin wedding songs,50,0%,0%,Rendah,0,,
erev shel shoshanim string quartet,50,0%,0%,Rendah,6,,
family processional songs instrumental,50,0%,0%,Rendah,0,,
felix mendelssohn wedding march piano,50,0%,0%,Rendah,14,,
fiddle music for weddings,50,0%,0%,Rendah,0,,
forever and ever amen instrumental wedding,50,0%,0%,Rendah,0,,
from this moment instrumental wedding,50,0%,0%,Rendah,0,,
good instrumental songs for wedding ceremony,500,0%,0%,Rendah,4,356.32,32250.58
good instrumental songs for weddings,500,0%,0%,Rendah,4,356.32,32250.58
good violin songs for weddings,500,-90%,-90%,Rendah,4,,
groom entrance songs instrumental,50,0%,0%,Rendah,1,,
groom processional songs instrumental,50,0%,0%,Rendah,0,,
guitar and violin wedding songs,50,0%,0%,Rendah,7,,
guitar instrumental for wedding,50,0%,0%,Rendah,22,,
guitar instrumental wedding music,50,0%,0%,Rendah,3,,
guitar music for weddings,500,0%,0%,Rendah,1,,
guitar music to walk down the aisle,50,∞,0%,Rendah,5,,
guitar music wedding ceremony,50,0%,0%,Rendah,16,,
guitar songs for wedding,500,0%,0%,Rendah,1,,
guitar songs for wedding ceremony,50,0%,0%,Rendah,2,,
gujarati wedding songs instrumental,50,∞,0%,Rendah,0,,
harp and violin duet wedding,50,0%,0%,Menengah,55,25299.97,76530.59
harry potter wedding song piano,50,0%,0%,Rendah,0,,
hawaiian wedding song instrumental,50,0%,0%,Rendah,0,,
here comes the bride instrumental,50,0%,-90%,Rendah,0,,
here comes the bride instrumental mp3 download,50,0%,-100%,Tidak diketahui,,,
here comes the bride piano song,50,0%,0%,Rendah,0,,
here comes the bride piano version,50,0%,0%,Rendah,0,,
here comes the bride song piano,50,0%,0%,Rendah,27,,
here comes the sun instrumental wedding,50,0%,-90%,Rendah,0,,
here comes the sun piano wedding,50,0%,0%,Rendah,0,,
here comes the sun wedding entrance piano,0,0%,0%,Tidak diketahui,,,
here comes the sun wedding piano,50,0%,-100%,Tidak diketahui,,,
hindu wedding music instrumental,50,0%,0%,Rendah,0,,
i choose you instrumental wedding,50,0%,0%,Rendah,0,,
instrument played at weddings,50,0%,0%,Rendah,0,,
instrumental aisle songs,50,0%,0%,Rendah,1,,
instrumental aisle wedding songs,50,0%,-100%,Tidak diketahui,,,
instrumental background music for wedding,50,0%,0%,Rendah,22,,
instrumental bridal party processional songs,50,0%,0%,Rendah,0,,
instrumental bridesmaid entrance songs,50,0%,0%,Rendah,0,,
instrumental ceremony songs,50,0%,-90%,Rendah,1,,
instrumental christian music for wedding processional,50,0%,0%,Rendah,0,,
instrumental christmas wedding songs,50,0%,0%,Rendah,0,,
instrumental country music for wedding ceremony,50,0%,0%,Rendah,1,,
instrumental country music wedding,50,0%,-100%,Tidak diketahui,,,
instrumental country songs for wedding ceremony,50,0%,0%,Rendah,1,,
instrumental country songs to walk down the aisle to,50,0%,0%,Rendah,0,,
instrumental country wedding processional songs,50,0%,0%,Rendah,0,,
instrumental dinner music wedding,50,0%,0%,Rendah,1,,
instrumental disney songs for weddings,50,0%,0%,Rendah,0,,
instrumental entrance songs,50,0%,0%,Rendah,10,,
instrumental entrance songs for weddings,50,-100%,0%,Tidak diketahui,,,
instrumental father daughter dance songs,50,0%,0%,Rendah,6,,
instrumental first dance songs,50,0%,0%,Rendah,3,,
instrumental for wedding,500,0%,0%,Rendah,11,17554.03,109089.83
instrumental for wedding ceremony,500,0%,0%,Rendah,11,17554.03,109089.83
instrumental for wedding processional,50,0%,0%,Rendah,5,,
instrumental for wedding video,50,0%,0%,Menengah,44,33851.99,116531.77
instrumental groom entrance songs,50,0%,0%,Rendah,0,,
instrumental guitar wedding songs,50,0%,0%,Rendah,3,,
instrumental here comes the bride,50,0%,-90%,Rendah,0,,
instrumental jazz music for weddings,0,0%,0%,Tidak diketahui,,,
instrumental love songs for wedding,50,0%,0%,Rendah,4,,
instrumental love songs instrumental wedding songs,50,0%,0%,Rendah,0,,
instrumental modern wedding songs,50,900%,0%,Rendah,1,,
instrumental music band for wedding,50,0%,0%,Tinggi,86,,
instrumental music for beach wedding,50,0%,0%,Tidak diketahui,,,
instrumental music for bridal party entrance,50,0%,0%,Rendah,0,,
instrumental music for bride entrance,50,0%,0%,Rendah,0,,
instrumental music for bridesmaids to walk down the aisle,50,0%,0%,Rendah,0,,
instrumental music for marriage,50,0%,0%,Tidak diketahui,,,
instrumental music for marriage reception,50,0%,0%,Rendah,11,,
instrumental music for walking down the aisle,50,0%,0%,Rendah,5,,
instrumental music for wedding anniversary,50,∞,0%,Rendah,0,,
instrumental music for wedding card,50,0%,0%,Tidak diketahui,,,
instrumental music for wedding ceremony,500,0%,0%,Rendah,11,17554.03,109089.83
instrumental music for wedding download,50,0%,0%,Rendah,20,,
instrumental music for wedding party entrance,50,0%,0%,Rendah,3,,
instrumental music for wedding prelude,50,0%,0%,Rendah,0,,
instrumental music for wedding processional,500,0%,-90%,Rendah,2,366.14,1050.32
instrumental music for wedding reception,50,0%,0%,Rendah,11,,
instrumental music for wedding teaser,50,0%,0%,Tidak diketahui,,,
instrumental music walking down the aisle,50,0%,0%,Rendah,10,,
instrumental music wedding entrance,50,0%,∞,Rendah,0,,
instrumental piano wedding songs,50,0%,0%,Rendah,0,,
instrumental prelude music for wedding ceremony,50,0%,-100%,Tidak diketahui,,,
instrumental prelude wedding songs,50,0%,-90%,Rendah,1,,
instrumental processional songs,50,0%,-90%,Rendah,1,,
instrumental processional songs for wedding party,50,0%,0%,Rendah,0,,
instrumental processional wedding songs,500,0%,-90%,Rendah,2,366.14,1050.32
instrumental recessional songs,50,0%,0%,Rendah,1,,
instrumental recessional songs for wedding ceremony,50,0%,0%,Rendah,0,,
instrumental recessional wedding songs,500,0%,-90%,Rendah,2,366.14,1050.32
instrumental rock songs for wedding,50,0%,0%,Rendah,1,,
instrumental songs for bridal party entrance,500,0%,0%,Rendah,1,,
instrumental songs for bridesmaids to walk down the aisle to,50,0%,0%,Rendah,2,,
instrumental songs for groom to walk down the aisle,50,0%,0%,Rendah,3,,
instrumental songs for parents entrance at wedding ceremony,50,0%,0%,Rendah,0,,
instrumental songs for walking down the aisle,50,0%,0%,Rendah,5,,
instrumental songs for wedding ceremony,500,0%,0%,Rendah,4,,
instrumental songs for wedding entrance,500,0%,0%,Rendah,1,,
instrumental songs for wedding party to walk down the aisle,50,0%,0%,Rendah,4,,
instrumental songs to walk down the aisle to 2021,50,-100%,-100%,Tidak diketahui,,,
instrumental songs to walk down the aisle to 2022,0,0%,0%,Tidak diketahui,,,
instrumental to walk down the aisle,500,900%,0%,Rendah,6,332.59,901.47
instrumental versions of popular songs for weddings,50,0%,0%,Rendah,0,,
instrumental versions of songs for weddings,50,-100%,-100%,Tidak diketahui,,,
instrumental violin wedding songs,50,0%,0%,Rendah,1,,
instrumental walk down the aisle songs,500,0%,0%,Rendah,2,,
instrumental wedding aisle songs,50,0%,0%,Rendah,1,,
instrumental wedding background music,50,0%,0%,Rendah,0,,
instrumental wedding dinner music,50,0%,0%,Rendah,1,,
instrumental wedding exit songs,50,0%,0%,Rendah,0,,
instrumental wedding march,50,0%,-90%,Rendah,2,,
instrumental wedding march songs,5000,0%,0%,Rendah,6,5832.65,52430.87
instrumental wedding mp3,50,0%,0%,Rendah,0,,
instrumental wedding music for walking down the aisle,50,0%,0%,Rendah,2,,
instrumental wedding music playlist,50,0%,0%,Rendah,16,,
instrumental wedding music to walk down the aisle,50,-90%,-90%,Rendah,7,312.47,3431.11
instrumental wedding party entrance songs,50,0%,0%,Rendah,0,,
instrumental wedding playlist,50,-100%,-100%,Tidak diketahui,,,
instrumental wedding songs 2022,50,0%,-100%,Tidak diketahui,,,
instrumental wedding songs download,50,-100%,-100%,Tidak diketahui,,,
instrumental wedding songs to walk down the aisle,50,-90%,-90%,Rendah,7,312.47,3431.11
instrumentals for bride entrance,50,0%,0%,Rendah,13,,
instrumentals for walking down the aisle,50,0%,0%,Rendah,5,,
irish wedding song piano,50,0%,0%,Rendah,0,,
irish wedding song violin,50,0%,0%,Rendah,0,,
islamic wedding instrumental music,50,-100%,0%,Tidak diketahui,,,
jewish wedding music instrumental,50,0%,0%,Rendah,0,,
jurassic park wedding song piano,50,0%,0%,Tinggi,67,,
la la land wedding song piano,50,0%,0%,Rendah,0,,
lagu instrumental wedding,50,0%,0%,Rendah,0,,
listen to instrumental love songs instrumental wedding songs,50,0%,0%,Tidak diketahui,,,
lord of the rings wedding song piano,50,0%,0%,Rendah,0,,
lover piano wedding,50,0%,∞,Rendah,0,,
mairi's wedding violin,50,0%,0%,Rendah,0,,
marriage instrumental music download,50,0%,0%,Rendah,20,,
marriage instrumental music mp3 download,50,0%,∞,Tinggi,71,,
marriage of love piano,50,0%,0%,Rendah,16,,
marriage piano song,50,0%,0%,Rendah,0,,
married life in piano,50,0%,0%,Rendah,0,,
married life piano music,50,0%,0%,Menengah,63,,
married life piano wedding,50,0%,0%,Rendah,0,,
married life string quartet,50,0%,0%,Rendah,25,,
marry me train violin and cello,50,-100%,-100%,Tidak diketahui,,,
marry you instrumental wedding,50,0%,0%,Rendah,0,,
mendelssohn wedding march cello,50,0%,0%,Rendah,0,,
mendelssohn wedding march guitar,50,0%,0%,Rendah,29,,
mendelssohn wedding march piano,500,0%,0%,Rendah,32,,
mendelssohn wedding march string quartet,50,0%,0%,Rendah,5,,
mendelssohn wedding march string trio,50,0%,0%,Tinggi,86,,
mendelssohn wedding march violin,50,0%,0%,Rendah,22,,
modern instrumental music for wedding ceremony,50,-100%,0%,Tidak diketahui,,,
modern instrumental processional songs,50,0%,0%,Rendah,0,,
modern instrumental songs to walk down the aisle to,50,0%,0%,Rendah,0,,
modern instrumental wedding ceremony songs,50,0%,0%,Rendah,2,,
modern instrumental wedding music,50,900%,0%,Rendah,1,,
modern instrumental wedding processional songs,50,0%,0%,Rendah,2,,
modern piano wedding songs,50,0%,0%,Rendah,0,,
modern string quartet wedding songs,50,0%,0%,Rendah,3,,
modern violin music for weddings,50,0%,-100%,Tidak diketahui,,,
modern violin wedding songs,50,900%,0%,Rendah,2,,
modern wedding march music instrumental,0,0%,-100%,Tidak diketahui,,,
moon river wedding processional,50,0%,0%,Rendah,0,,
most popular instrumental wedding songs,50,∞,∞,Rendah,0,,
music for wedding ceremony instrumental,50,0%,0%,Rendah,29,,
music to walk down the aisle to classical,50,0%,0%,Rendah,1,,
music to walk down the aisle to instrumental,50,0%,0%,Rendah,2,,
non stop instrumental wedding love song,0,0%,-100%,Tidak diketahui,,,
non traditional instrumental wedding processional songs,50,0%,0%,Rendah,7,,
over the rainbow instrumental wedding,50,-100%,-100%,Tidak diketahui,,,
perfect day string quartet,50,0%,0%,Rendah,0,,
perfect instrumental wedding,50,0%,0%,Rendah,0,,
perfect wedding version piano,50,0%,0%,Rendah,0,,
piano aisle songs,50,0%,0%,Rendah,6,,
piano and cello duet wedding,50,0%,0%,Rendah,21,,
piano and violin duets for weddings,50,0%,0%,Menengah,44,22255.86,58799.40
piano and violin wedding ceremony music,50,0%,0%,Menengah,65,29048.95,81403.14
piano brothers wedding music,50,0%,-100%,Tidak diketahui,,,
piano cello wedding songs,50,0%,0%,Tinggi,88,,
piano ceremony music for weddings,50,0%,0%,Menengah,42,16793.59,76046.80
piano first dance songs,50,0%,0%,Rendah,2,,
piano guys wedding,50,0%,0%,Rendah,0,,
piano guys wedding music,50,0%,0%,Rendah,0,,
piano guys wedding songs,50,0%,0%,Rendah,0,,
piano guys wedding songs for walking down the aisle,50,∞,0%,Rendah,0,,
piano instrumental for wedding,50,0%,0%,Rendah,4,,
piano love songs for weddings,50,0%,0%,Rendah,0,,
piano marriage song,50,0%,0%,Rendah,0,,
piano music for bride entrance,50,0%,0%,Rendah,0,,
piano music for walking down the aisle,50,0%,0%,Rendah,3,,
piano music for wedding cocktail hour,50,0%,0%,Rendah,21,,
piano music for wedding entrance,50,0%,0%,Rendah,10,,
piano music for wedding prelude,50,0%,0%,Rendah,14,,
piano music for wedding processional,50,0%,-90%,Rendah,8,,
piano music for wedding reception,50,0%,0%,Tinggi,86,,
piano music for wedding recessional,50,0%,0%,Rendah,0,,
piano pieces for weddings,50,0%,0%,Tinggi,100,,
piano processional songs,50,0%,0%,Rendah,1,,
piano processional songs wedding,50,0%,-90%,Rendah,8,,
piano recessional wedding songs,500,0%,0%,Rendah,0,,
piano songs for walking down the aisle,50,0%,0%,Rendah,3,,
piano songs for wedding ceremony,5000,0%,0%,Rendah,28,12357.28,115894.83
piano songs for wedding entrance,50,0%,0%,Rendah,0,,
piano songs for wedding prelude,50,0%,0%,Menengah,42,,
piano songs for wedding reception,50,0%,0%,Rendah,0,,
piano songs for wedding recessional,50,0%,0%,Rendah,0,,
piano version of songs for wedding,50,0%,0%,Rendah,6,,
piano version wedding songs,50,0%,0%,Rendah,0,,
piano versions of songs for wedding,50,0%,0%,Rendah,6,,
piano violin wedding music,50,0%,0%,Menengah,65,29048.95,81403.14
piano walk down the aisle songs,50,0%,0%,Rendah,3,,
piano wedding aisle songs,50,0%,0%,Rendah,0,,
piano wedding entrance,50,0%,0%,Rendah,14,,
piano wedding entrance music,50,0%,∞,Rendah,14,,
piano wedding entrance songs,50,0%,0%,Rendah,2,,
piano wedding exit songs,50,0%,0%,Rendah,1,,
piano wedding march songs,5000,0%,0%,Rendah,28,12357.28,115894.83
piano wedding of love,50,∞,∞,Rendah,0,,
piano wedding recessional,50,0%,0%,Rendah,0,,
piano wedding songs classical,50,0%,0%,Rendah,0,,
piano wedding songs to walk down the aisle,50,0%,0%,Rendah,1,,
popular instrumental wedding songs,50,0%,0%,Rendah,2,,
popular piano wedding songs,50,0%,0%,Rendah,0,,
popular string quartet music for weddings,50,0%,0%,Rendah,8,,
popular string quartet wedding songs,50,0%,0%,Rendah,8,,
popular violin wedding songs,50,0%,0%,Rendah,4,,
popular wedding instrumentals,50,0%,0%,Rendah,2,,
pre ceremony wedding music instrumental,50,0%,0%,Rendah,2,,
pre wedding instrumental music,50,∞,0%,Rendah,0,,
pre wedding music instrumental,50,0%,0%,Rendah,17,,
prelude wedding music instrumental,50,0%,0%,Tidak diketahui,,,
pretty instrumental wedding songs,50,0%,0%,Rendah,1,,
processional instrumental wedding songs,50,0%,0%,Tidak diketahui,,,
processional music piano,50,-100%,-100%,Tidak diketahui,,,
processional wedding music instrumental,50,0%,∞,Rendah,0,,
quartet music for weddings,50,0%,0%,Menengah,55,17639.82,72069.57
quartet songs for weddings,50,0%,0%,Rendah,8,,
r&b wedding instrumentals,50,0%,0%,Tidak diketahui,,,
reception music instrumental,50,∞,0%,Rendah,0,,
recessional instrumental songs,50,0%,0%,Rendah,0,,
recessional piano music for weddings,50,0%,0%,Rendah,0,,
recessional songs piano,50,0%,0%,Rendah,23,,
recessional songs string quartet,50,0%,0%,Rendah,0,,
recessional songs violin,50,0%,0%,Rendah,0,,
recessional string quartet songs,50,0%,0%,Rendah,0,,
recessional wedding songs instrumental,500,0%,0%,Rendah,0,,
recessional wedding songs string quartet,50,0%,0%,Rendah,1,,
recessional wedding songs violin,50,0%,0%,Rendah,0,,
romantic instrumental music for weddings,50,0%,0%,Rendah,14,,
sand ceremony songs instrumental,50,-100%,-100%,Tidak diketahui,,,
saxophone and violin duet wedding,50,0%,0%,Menengah,52,16244.74,61931.86
saxophone instrumental wedding music,50,-100%,0%,Tidak diketahui,,,
saxophone wedding song,500,0%,0%,Rendah,3,16875.39,82156.69
sda instrumental wedding songs,50,∞,∞,Rendah,0,,
shaadi instrumental music,50,∞,∞,Rendah,0,,
simple wedding march piano music,50,0%,0%,Tidak diketahui,,,
simply the best instrumental wedding,50,0%,0%,Rendah,1,,
single violin wedding music,50,∞,∞,Menengah,57,,
soft instrumental music for wedding,50,0%,0%,Rendah,0,,
soft wedding instrumental music,50,0%,0%,Rendah,4,,
solo cello wedding sheet music,50,0%,0%,Tinggi,75,,
solo cello wedding songs,50,0%,0%,Tinggi,98,,
solo violin wedding ceremony music,500,0%,0%,Tinggi,92,18119.20,74938.71
solo violin wedding songs,500,0%,0%,Tinggi,92,18119.20,74938.71
somewhere over the rainbow instrumental wedding,50,0%,0%,Rendah,0,,
songs for bridal party to walk down the aisle instrumental,50,0%,0%,Rendah,10,,
songs for bridesmaids to walk down the aisle to instrumental,50,0%,0%,Rendah,0,,
songs for walking down the aisle instrumental,50,0%,0%,Rendah,0,,
songs for wedding processional instrumental,50,0%,0%,Rendah,7,,
songs to play on violin at wedding,50,0%,0%,Rendah,0,,
songs to walk down the aisle instrumental,50,0%,0%,Rendah,0,,
songs to walk down the aisle to instrumental,50,0%,0%,Rendah,0,,
songs to walk down the aisle to piano,50,0%,0%,Rendah,8,,
songs to walk down the aisle to string quartet,50,0%,0%,Rendah,5,,
songs to walk down the aisle to violin,50,0%,0%,Rendah,1,,
sound of music wedding processional instrumental,50,0%,0%,Rendah,2,,
stand by me instrumental wedding,50,0%,0%,Rendah,0,,
star wars wedding song piano,50,0%,0%,Rendah,0,,
still dre wedding entrance piano,50,0%,-100%,Tidak diketahui,,,
string duet wedding,500,0%,0%,Menengah,55,36394.85,121526.71
string duet wedding songs,50,0%,0%,Rendah,5,,
string duo wedding songs,50,0%,0%,Rendah,5,,
string music for wedding processional,50,0%,0%,Rendah,19,,
string quartet bridal entrance songs,50,0%,0%,Rendah,3,,
string quartet covers of pop songs,50,0%,0%,Rendah,3,,
string quartet processional songs,50,0%,0%,Rendah,0,,
string quartet recessional songs,50,0%,0%,Rendah,0,,
string quartet songs to walk down the aisle,50,0%,0%,Rendah,5,,
string quartet songs to walk down the aisle to,50,0%,0%,Rendah,0,,
string quartet walking down aisle song,50,0%,0%,Rendah,0,,
string quartet walking down the aisle,50,∞,0%,Menengah,64,,
string quartet wedding ceremony songs,500,0%,0%,Rendah,19,20134.34,72118.19
string quartet wedding entrance songs,50,0%,0%,Rendah,5,,
string quartet wedding exit songs,50,0%,0%,Rendah,0,,
string quartet wedding march,50,900%,0%,Rendah,14,28686.98,93955.56
string quartet wedding music suggestions,50,-100%,-100%,Tidak diketahui,,,
string quartet wedding processional songs,50,0%,0%,Rendah,2,,
string quartet wedding recessional songs,50,0%,0%,Rendah,0,,
string quartet wedding sheet music,50,0%,0%,Tinggi,89,,
string quartet wedding songs classical,50,0%,0%,Rendah,4,,
string quartet wedding songs to walk down the aisle,50,0%,0%,Rendah,11,507.42,23757.33
string songs for wedding ceremony,50,0%,0%,Rendah,20,,
string trio wedding ceremony music,50,0%,0%,Rendah,7,,
string trio wedding songs,50,0%,0%,Tinggi,71,24054.30,84007.54
string wedding songs,50,0%,0%,Rendah,19,,
tale as old as time instrumental wedding,50,0%,0%,Rendah,0,,
the wedding instrumental,50,0%,0%,Rendah,0,,
the wedding march mendelssohn piano,50,0%,0%,Rendah,0,,
the wedding march on piano,50,0%,0%,Rendah,22,,
the wedding march song piano,50,0%,0%,Rendah,21,,
the wedding march string quartet,50,0%,∞,Rendah,10,,
the wedding march violin,50,0%,0%,Rendah,0,,
the wedding song instrumental,50,0%,0%,Rendah,1,,
the wedding song instrumental guitar,50,0%,0%,Rendah,0,,
the wedding song kenny g violin,50,∞,0%,Rendah,0,,
the wedding song on piano,50,0%,0%,Rendah,0,,
the wedding song peter paul and mary piano,50,0%,-100%,Tidak diketahui,,,
the wedding song piano,50,0%,0%,Rendah,4,,
the wedding song saxophone,50,∞,0%,Rendah,0,,
the wedding song string quartet,50,0%,0%,Rendah,0,,
top instrumental wedding songs,50,0%,0%,Rendah,2,,
top string quartet wedding songs,50,0%,∞,Rendah,0,,
top violin wedding songs,50,0%,0%,Rendah,4,,
traditional bride walking down the aisle song,50,0%,0%,Rendah,3,,
traditional instrumental wedding processional songs,50,0%,0%,Rendah,0,,
traditional music for wedding ceremony,50,0%,0%,Rendah,5,,
traditional recessional song,50,0%,0%,Rendah,1,,
traditional walking down the aisle,50,0%,0%,Rendah,0,,
traditional wedding ceremony song,500,0%,-90%,Rendah,1,367.82,23238.27
traditional wedding instrumental music,50,0%,0%,Rendah,9,,
traditional wedding march piano,500,0%,0%,Rendah,10,,
traditional wedding march violin,50,0%,0%,Rendah,0,,
traditional wedding piano music,50,0%,0%,Rendah,22,,
traditional wedding recessional songs instrumental,50,0%,0%,Rendah,0,,
traditional wedding recessional songs piano,50,-100%,-100%,Tidak diketahui,,,
traditional wedding song to walk down the aisle,50,0%,0%,Rendah,1,,
trumpet song for wedding,50,0%,0%,Rendah,0,,
trumpet tune purcell string quartet,50,0%,0%,Rendah,0,,
trumpet tune purcell violin,50,0%,0%,Rendah,0,,
trumpet tune string quartet,50,0%,0%,Rendah,0,,
trumpet tune string trio,50,0%,0%,Rendah,0,,
trumpet wedding march,500,0%,-90%,Rendah,4,,
unchained melody instrumental wedding,50,0%,0%,Rendah,0,,
unique instrumental wedding processional songs,50,0%,0%,Rendah,2,,
unity candle songs instrumental,50,-100%,-100%,Tidak diketahui,,,
up marriage song piano,50,0%,0%,Rendah,0,,
up wedding song piano,50,0%,0%,Rendah,0,,
upbeat instrumental recessional songs,50,0%,0%,Rendah,0,,
upbeat instrumental wedding recessional songs,50,0%,0%,Rendah,0,,
upbeat piano recessional songs,50,0%,0%,Rendah,0,,
upbeat piano songs for wedding,50,0%,0%,Rendah,0,,
upbeat piano wedding recessional songs,50,0%,0%,Rendah,0,,
upbeat string quartet songs,50,0%,0%,Rendah,0,,
upbeat violin wedding songs,50,0%,0%,Rendah,2,,
upbeat wedding instrumental music,50,0%,0%,Rendah,0,,
violin and cello wedding songs,50,0%,0%,Rendah,0,,
violin and guitar wedding music,50,0%,0%,Rendah,7,,
violin bride entrance songs,50,0%,0%,Rendah,1,,
violin cello duet wedding,50,0%,0%,Tinggi,67,23995.98,85550.12
violin cello duet wedding sheet music,50,0%,0%,Tinggi,80,,
violin cello duets for wedding,50,0%,∞,Tinggi,100,,
violin cello piano wedding music,50,∞,∞,Tinggi,100,,
violin ceremony music,50,0%,0%,Menengah,37,36299.24,86764.66
violin cover songs for wedding,50,0%,0%,Rendah,0,,
violin duet wedding music,50,0%,0%,Rendah,31,,
violin duets for weddings,50,0%,0%,Tinggi,99,,
violin entrance wedding,50,0%,0%,Rendah,25,,
violin love songs for weddings,50,0%,0%,Rendah,1,,
violin music for wedding entrance,50,0%,0%,Rendah,16,9261.53,20490.70
violin music for wedding processional,50,0%,0%,Rendah,7,,
violin music to walk down the aisle,50,0%,0%,Rendah,14,,
violin music wedding ceremony,50,0%,0%,Rendah,20,19537.81,60883.11
violin processional songs,50,0%,0%,Rendah,0,,
violin recessional songs,50,0%,0%,Rendah,0,,
violin recessional wedding songs,50,0%,0%,Rendah,0,,
violin solo wedding entrance,50,0%,0%,Rendah,4,,
violin songs for wedding ceremony,50,0%,0%,Rendah,5,,
violin songs to play at a wedding,50,0%,0%,Rendah,5,,
violin songs to walk down the aisle,50,0%,0%,Rendah,0,,
violin songs to walk down the aisle to,50,0%,0%,Rendah,4,331.31,1740.66
violin walking down the aisle songs,50,0%,0%,Rendah,3,,
violin wedding aisle songs,50,0%,0%,Rendah,1,,
violin wedding entrance,50,0%,-90%,Rendah,13,25946.75,73314.71
violin wedding entrance songs,500,0%,0%,Rendah,1,,
violin wedding exit songs,50,0%,0%,Rendah,0,,
violin wedding march,500,0%,0%,Rendah,14,,
violin wedding march songs,50,0%,0%,Rendah,0,,
violin wedding music for walking down the aisle,50,0%,0%,Rendah,5,,
violin wedding processional songs,50,0%,0%,Rendah,1,,
violin wedding recessional songs,50,0%,0%,Rendah,0,,
violin wedding songs for walking down the aisle,500,0%,0%,Rendah,2,312.15,1226.47
violin wedding songs walk down aisle,500,0%,0%,Rendah,2,312.15,1226.47
vitamin quartet wedding songs,500,0%,0%,Rendah,0,,
vitamin string quartet modern wedding collection 2,0,0%,0%,Tidak diketahui,,,
vitamin string quartet pop songs,50,0%,0%,Rendah,0,,
vitamin string quartet songs for weddings,500,0%,0%,Rendah,0,,
vitamin string quartet songs to walk down the aisle to,50,0%,0%,Rendah,0,,
vitamin string quartet the modern wedding collection,50,0%,0%,Rendah,0,,
vitamin string quartet the modern wedding collection songs,50,0%,-100%,Tidak diketahui,,,
vitamin string quartet wedding music,500,0%,0%,Rendah,0,,
vsq wedding songs,500,0%,0%,Rendah,0,,
wagner wedding march piano,50,0%,0%,Rendah,13,,
wagner wedding march string quartet,50,0%,0%,Rendah,1,,
wagner wedding march violin,50,0%,0%,Menengah,65,,
walk down aisle songs instrumental,50,0%,0%,Rendah,0,,
walking down the aisle classical music,50,0%,0%,Rendah,7,,
walking down the aisle piano songs,50,0%,0%,Rendah,0,,
walking down the aisle songs piano,50,0%,0%,Rendah,0,,
walking down the aisle string quartet,50,0%,0%,Rendah,0,,
walking down the aisle violin songs,50,0%,0%,Rendah,0,,
wedding aisle instrumental songs,50,0%,0%,Rendah,2,,
wedding aisle music classical,50,0%,0%,Rendah,4,,
wedding aisle music instrumental,50,0%,0%,Rendah,5,,
wedding aisle songs piano,50,0%,0%,Rendah,0,,
wedding aisle songs violin,50,0%,0%,Rendah,0,,
wedding anniversary instrumental music,50,-100%,0%,Tidak diketahui,,,
wedding bell blues piano,50,0%,0%,Rendah,0,,
wedding bride entrance songs instrumental,50,0%,0%,Rendah,0,,
wedding bride entrance songs piano,50,0%,0%,Rendah,0,,
wedding canon in d piano,500,0%,0%,Rendah,1,,
wedding card instrumental music,50,0%,0%,Tidak diketahui,,,
wedding ceremony entrance songs instrumental,50,0%,0%,Rendah,0,,
wedding ceremony songs string quartet,500,0%,0%,Rendah,19,20134.34,72118.19
wedding day instrumental,50,∞,0%,Rendah,0,,
wedding dinner music instrumental,50,0%,0%,Rendah,7,,
wedding entrance instrumental,50,0%,0%,Rendah,3,,
wedding entrance music instrumental,50,0%,0%,Rendah,1,,
wedding entrance piano,50,0%,0%,Rendah,0,,
wedding entrance piano songs,50,0%,0%,Rendah,0,,
wedding entrance songs piano,50,0%,0%,Rendah,2,,
wedding entrance songs violin,500,0%,0%,Rendah,1,,
wedding entrance violin,50,0%,-90%,Rendah,13,25946.75,73314.71
wedding exit instrumental,50,∞,0%,Rendah,0,,
wedding exit music classical,50,0%,0%,Rendah,0,,
wedding exit music piano,50,0%,0%,Rendah,0,,
wedding exit songs classical,50,0%,0%,Rendah,2,,
wedding exit songs instrumental,50,0%,0%,Rendah,2,,
wedding exit songs piano,50,0%,0%,Rendah,0,,
wedding exit songs string quartet,50,0%,0%,Rendah,2,,
wedding exit songs violin,50,0%,0%,Rendah,2,,
wedding instrumental music mp3,50,∞,0%,Rendah,21,,
wedding instrumental playlist,50,0%,0%,Rendah,8,,
wedding instrumental prelude songs,50,-100%,0%,Tidak diketahui,,,
wedding instrumental recessional songs,500,0%,-90%,Rendah,2,366.14,1050.32
wedding instrumental songs playlist,50,-100%,-100%,Tidak diketahui,,,
wedding instrumental songs to walk down the aisle,50,0%,0%,Rendah,3,,
wedding jazz instrumental songs,50,0%,0%,Rendah,3,,
wedding march cello and violin,50,0%,0%,Rendah,0,,
wedding march cello sheet music,50,0%,0%,Tinggi,100,,
wedding march cello solo,50,0%,0%,Menengah,64,,
wedding march easy version felix mendelssohn bartholdy,50,0%,0%,Tidak diketahui,,,
wedding march electric guitar,50,0%,0%,Rendah,0,,
wedding march from a midsummer night's dream piano,50,0%,0%,Rendah,0,,
wedding march harp and violin,50,∞,0%,Rendah,0,,
wedding march instrumental mp3 download,50,0%,0%,Rendah,9,,
wedding march jazz piano,50,-100%,0%,Tidak diketahui,,,
wedding march midsummer night's dream piano,50,0%,0%,Tinggi,77,,
wedding march music piano,50,0%,0%,Tinggi,74,,
wedding march on electric guitar,50,0%,0%,Rendah,0,,
wedding march piano and cello,50,0%,0%,Rendah,0,,
wedding march piano and violin,50,0%,0%,Menengah,43,,
wedding march piano guys,50,∞,0%,Rendah,0,,
wedding march piano mp3,50,0%,0%,Rendah,0,,
wedding march piano mp3 free download,50,0%,-100%,Tidak diketahui,,,
wedding march piano version,50,0%,0%,Rendah,0,,
wedding march quartet,50,0%,0%,Rendah,4,,
wedding march recessional piano,50,0%,0%,Rendah,0,,
wedding march solo violin,50,0%,0%,Rendah,24,,
wedding march song violin,50,0%,0%,Rendah,0,,
wedding march string quartet sheet music,50,0%,0%,Tinggi,71,,
wedding march string trio,50,0%,0%,Rendah,0,,
wedding march strings,50,0%,0%,Rendah,0,,
wedding music cello and violin,50,0%,0%,Tinggi,91,25724.65,72094.37
wedding music classical violin,50,0%,0%,Rendah,17,,
wedding music for violin and piano,50,0%,0%,Menengah,65,29048.95,81403.14
wedding music instrumental love songs,50,0%,0%,Tidak diketahui,,,
wedding music the wild mountain thyme irish traditional violin music,0,0%,0%,Tidak diketahui,,,
wedding music wedding piano,50,0%,-100%,Tidak diketahui,,,
wedding music without words,50,0%,0%,Rendah,0,,
wedding of love piano,50,0%,0%,Rendah,29,,
wedding party instrumental music,50,-100%,-100%,Tidak diketahui,,,
wedding party processional songs instrumental,50,900%,0%,Rendah,1,,
wedding piano music walk down aisle,50,∞,0%,Rendah,0,,
wedding piano songs classical,50,0%,0%,Rendah,0,,
wedding piano songs for walking down the aisle,50,0%,0%,Rendah,1,,
wedding prelude music classical,50,0%,0%,Rendah,0,,
wedding prelude songs classical,50,0%,0%,Rendah,0,,
wedding prelude songs piano,50,0%,0%,Menengah,42,,
wedding processional acoustic guitar,50,0%,0%,Rendah,0,,
wedding processional songs cello,50,0%,0%,Rendah,0,,
wedding processional songs for piano,50,0%,-90%,Rendah,8,,
wedding processional songs instrumental classical,50,0%,0%,Rendah,2,,
wedding processional songs instrumental for bridal party,50,-100%,-100%,Tidak diketahui,,,
wedding processional songs string quartet,50,0%,0%,Rendah,2,,
wedding processional songs strings,50,0%,0%,Rendah,0,,
wedding processional songs traditional,500,0%,0%,Rendah,1,354.28,3340.95
wedding recessional classic rock,50,0%,0%,Tidak diketahui,,,
wedding recessional music instrumental,50,0%,0%,Rendah,7,,
wedding recessional music piano,500,0%,0%,Rendah,0,,
wedding recessional songs upbeat instrumental,50,0%,0%,Rendah,0,,
wedding recessional songs violin,50,0%,0%,Rendah,1,,
wedding recessional songs violin and cello,50,0%,0%,Rendah,0,,
wedding recessional string quartet,50,0%,0%,Rendah,8,,
wedding song classical piano,50,0%,0%,Rendah,0,,
wedding song here comes the bride piano,50,0%,0%,Rendah,0,,
wedding song in piano,5000,0%,0%,Rendah,28,12357.28,115894.83
wedding song instrumental download,50,0%,-100%,Tidak diketahui,,,
wedding song instrumental mp3 download,50,-100%,0%,Tidak diketahui,,,
wedding song instrumental piano and violin,50,0%,0%,Rendah,0,,
wedding song kenny g piano,50,0%,0%,Rendah,0,,
wedding song minus one,50,0%,-100%,Tidak diketahui,,,
wedding song on piano easy,50,0%,0%,Tinggi,83,,
wedding song traditional piano,50,0%,0%,Rendah,22,,
wedding songs ceremony instrumental,50,0%,0%,Rendah,0,,
wedding songs classical instrumental,50,0%,0%,Rendah,0,,
wedding songs flute instrumental,50,0%,0%,Rendah,0,,
wedding songs instrumental for walking down the aisle,50,0%,∞,Rendah,0,,
wedding songs piano version,50,0%,0%,Rendah,7,,
wedding songs played on violin,50,0%,0%,Rendah,0,,
wedding songs processional instrumental,500,0%,-90%,Rendah,2,366.14,1050.32
wedding songs to walk down the aisle instrumental,50,0%,0%,Rendah,3,,
wedding songs without words,50,0%,0%,Rendah,0,,
wedding tune piano,50,0%,∞,Rendah,0,,
wedding tunes instrumental,5000,0%,0%,Rendah,6,5832.65,52430.87
wedding violin songs for ceremony,50,0%,0%,Rendah,5,,
wedding walking down the aisle instrumental music,50,0%,0%,Rendah,4,,
white wedding piano,50,0%,0%,Rendah,0,,
white wedding string quartet,50,0%,0%,Rendah,0,,
wildest dreams piano wedding,50,∞,0%,Rendah,0,,
wildest dreams violin wedding,50,0%,0%,Rendah,0,,
you and me lifehouse string quartet,50,0%,0%,Rendah,14,,
you are my sunshine piano wedding,50,0%,0%,Tidak diketahui,,,
young and beautiful instrumental wedding,50,0%,0%,Rendah,0,,
your song instrumental wedding,50,0%,0%,Rendah,0,,
youtube instrumental wedding music,50,0%,0%,Rendah,0,,
youtube violin wedding music,50,0%,0%,Rendah,0,,
youtube wedding instrumental music,50,0%,0%,Rendah,7,,
